-- phpMyAdmin SQL Dump
-- version 4.8.0.1
-- https://www.phpmyadmin.net/
--
-- Host: 127.0.0.1
-- Generation Time: Feb 23, 2020 at 04:37 PM
-- Server version: 10.1.32-MariaDB
-- PHP Version: 5.6.36

SET SQL_MODE = "NO_AUTO_VALUE_ON_ZERO";
SET AUTOCOMMIT = 0;
START TRANSACTION;
SET time_zone = "+00:00";


/*!40101 SET @OLD_CHARACTER_SET_CLIENT=@@CHARACTER_SET_CLIENT */;
/*!40101 SET @OLD_CHARACTER_SET_RESULTS=@@CHARACTER_SET_RESULTS */;
/*!40101 SET @OLD_COLLATION_CONNECTION=@@COLLATION_CONNECTION */;
/*!40101 SET NAMES utf8mb4 */;

--
-- Database: `learning`
--

-- --------------------------------------------------------

--
-- Table structure for table `choice`
--

CREATE TABLE `choice` (
  `choice_id` int(11) NOT NULL,
  `choice_name` varchar(100) NOT NULL,
  `video` varchar(300) NOT NULL,
  `choice_detail` varchar(100) NOT NULL,
  `choice_status` int(1) NOT NULL
) ENGINE=InnoDB DEFAULT CHARSET=utf8;

--
-- Dumping data for table `choice`
--

INSERT INTO `choice` (`choice_id`, `choice_name`, `video`, `choice_detail`, `choice_status`) VALUES
(1, 'แขนกล คนนอนดึก', '1441401botnum.mp4', 'จะทดสอบ รายละเอียดจะ', 1),
(2, 'บทเรียนที่ 1 ทดสอบอัพโหลด', '199368765SampleVideo_1280x720_2mb.mp4', 'ทดสอบ', 1),
(3, 'ทรัพย์สินทางอุตสาหกรรม', '24480ทรัพย์สินทางอุตสาหกรรม.mp4', 'บทนำ', 1),
(4, 'บทที่2', '16849botnum.mp4', 'ทดสอบ', 1),
(5, 'ความหมายของทรัพย์สินทางอุตสาหกรรม ', '2687501botnum.mp4', 'ความหมายของทรัพย์สินทางอุตสาหกรรม ', 1),
(6, 'บทที่ 1 เรื่องสิทธิบัตรและอนุสิทธิบัตร ', '280150102sittibut.mp4', 'บทที่ 1 เรื่องสิทธิบัตรและอนุสิทธิบัตร ', 0),
(7, 'บทที่ 2 เรื่องแผนภูมิวงจรรวม ', '1570303panpoom.mp4', 'บทที่ 2 เรื่องแผนภูมิวงจรรวม ', 0),
(8, 'บทที่ 3 เรื่องความลับทางการค้า ', '2054804KLL.mp4', 'บทที่ 3 เรื่องความลับทางการค้า ', 0),
(9, 'บทที่ 4 เรื่องสิ่งบ่งชี้ทางภูมิศาสตร์ ', '1344805BC.mp4', 'บทที่ 4 เรื่องสิ่งบ่งชี้ทางภูมิศาสตร์ ', 0),
(10, 'บทที่ 5 เรื่องเครื่องหมายทางการค้า ', '542106logogankar.mp4', 'บทที่ 5 เรื่องเครื่องหมายทางการค้า ', 0),
(11, 'บทที่ 6 เรื่องคุ้มครองพันธุ์พืช ', '3228907kumkrongpunphuch.mp4', 'บทที่ 6 เรื่องคุ้มครองพันธุ์พืช ', 0);

-- --------------------------------------------------------

--
-- Table structure for table `testing`
--

CREATE TABLE `testing` (
  `id` int(3) NOT NULL,
  `choice_id` int(10) NOT NULL,
  `question` varchar(100) NOT NULL DEFAULT '',
  `c1` varchar(100) NOT NULL DEFAULT '',
  `c2` varchar(100) NOT NULL DEFAULT '',
  `c3` varchar(100) NOT NULL DEFAULT '',
  `c4` varchar(100) NOT NULL DEFAULT '',
  `answer` int(1) NOT NULL DEFAULT '0',
  `status` int(1) NOT NULL
) ENGINE=InnoDB DEFAULT CHARSET=utf8;

--
-- Dumping data for table `testing`
--

INSERT INTO `testing` (`id`, `choice_id`, `question`, `c1`, `c2`, `c3`, `c4`, `answer`, `status`) VALUES
(1, 1, 'กรดชนิดใดที่อยู่ในน้ำมันถั่วเหลืองและน้ำมันดอกทานตะวัน', 'ออกซิเดซัน', 'ไลโนเลอิก', 'ไฮโดรลิซิส', 'ไอโซโพพิล', 2, 0),
(2, 1, 'คาร์โบไฮเดรตคืออาหารจำพวกใด', 'ข้าวจ้าว ข้าวโพด ข้าวเหนียว', 'ขนมกบเคี้ยว น้ำอัดลม', 'เนื้อหมู เนื้อไก่', 'กุ้ง ปลาหมึก หอย', 1, 0),
(3, 1, 'ผู้สูงอายุควรดื่มน้ำสะอดอย่างน้อยวันละกี่แก้ว', '2 - 4 แก้ว', '3 - 5 แก้ว', '6 - 8 แก้ว', '9 - 10 แก้ว', 3, 0),
(4, 1, 'ผู้สูงอายุที่เป็นโรคเบาหวานห้ามรับประทานผลไม้จำพวกใด', 'ทุเรียน ลำไย น้อยหน่า และขนุน', 'มะม่วง มะละกอ ส้ม และแก้วมังกร', 'ส้ม แตงโม องุ่น และสับปะรด', 'กล้วย แอปเปิ้ล ฝรั่ง และองุ่นเขียว', 1, 0),
(5, 1, 'การกายบริหาร คือการออกกำลังกายแบบใด', 'รำมวยจีน', 'เต้นแอโรบิก', 'คาร์ดิโอ', 'เต้น T25', 1, 0),
(6, 1, 'ผู้สูงอายุควรออกกำลังกายอย่างน้อยครั้งละกี่นาที', '10 – 50 นาที', '20 – 60 นาที', '30 – 60 นาที', '40 – 60 นาที', 2, 0),
(7, 1, 'ผู้สูงอายุมักมีปัญหาอาการท้องผูกซึ่งเกิดจากสาเหตุอะไร', 'กระเพราะอาหารและลำไส้ลดการบีบตัวตามอายุ', 'กระเพราะลำไส้อักเสบ', 'อาหารไม่ย่อย', 'ไม่ทานวิตามินอาหารเสริม', 1, 0),
(8, 1, 'บันไดที่ดีเหมะกับผู้สูงอายุไม่ควรเป็นลักษณะแบบใด', 'มีแสงสว่างพียงพอ', 'มีราวจับที่แข็งแรงทั้ง2ข้าง', 'มีสวิตช์ไฟ ทั้งด้านบนและด้านล่างของบันได', 'มีข้าวของระเกะระกะตั้งไว้ขวางทางบันได', 4, 0),
(9, 1, 'ห้องครัวสำหรับผู้สูงอายุไม่ควรเป็นลักษณะแบบใด', 'พื้นครัวไม่ควรลื่นและไม่สะท้อนแสง', 'บนโต๊ะไม่ควรมีของวางเกะกะ', 'ไม่ควรเก็บของในตู้สูงเกินไปสามารถหยิบจับของได้ง่ายๆ', 'หากหยิบจับของที่สูงไม่ถึง ผู้สูงอายุสามารถใช้บันไดปีนขึ้นไปได้', 4, 0),
(10, 1, 'ยาที่รับประทานก่อนอาหารควรรับประทานก่อนอย่างน้อยที่นาที', '10 นาที', '20 นาที', '30 นาที', '40 นาที', 3, 0),
(11, 1, 'ข้อใดคือเรื่องทั่วไปที่ผู้สูงอายุไม่ควรปฏิบัติ', 'เปิดไฟตรงทางเดินไปห้องน้ำ ตอนกลางคืน', 'หลีกเลี่ยงการสวมรองเท้าหลวมๆหรือรองเท้าส้นสูง', 'หากมีอาการเวียนศรีษะหลังจากกินยาเข้าไป ควรบอกแพทย์เพื่อนเปลี่ยนชนิดของยา', 'รับประทานยาตามใจชอบ ไม่ตามเวลาที่แพทย์สั่ง', 4, 0),
(12, 1, 'ข้อใดไม่ใช่วิธีที่ถูกต้องในการเตือนให้ผู้สูงอายุไม่ลืมรับประทานยา', 'นำกล่องใส่ยามาแยกชนิดของยาเพื่อจำชนิดของยาให้ง่ายขึ้น', 'ตั้งนาฬิกาปลุกเพื่อเตือนเวลาในการรับประทานยา', 'ใช้แอพพลิเคชั่นสำหรับเตือนให้รับประทานยาในสมาร์ทโฟน', 'ตะโกนเสียงดังๆเพื่อเตือนให้ผู้สูงอายุได้ยิน', 4, 0),
(13, 1, 'ยากลุ่ม ยานอนหลับ ยาคลายเครียด ยาแก้แพ้ และยาแก้ปวด ทำให้มีอาการข้างเคียงยกเว้นอาการใด', 'เวียนศรีษะ', 'ง่วงซึม', 'สับสน', 'เป็นลม', 4, 0),
(14, 1, 'ยากลุ่มต้านการอักเสบอาจทำให้ผู้สูงอายุเสี่ยงต่ออาการใด', 'โรคหัวใจ', 'ความดันต่ำ', 'เบาหวาน', 'ความดันโลหิตสูงหรือไตวาย', 4, 0),
(15, 1, 'ข้อใดคืองานอดิเรกที่เหมะสมกับผู้สูงอายุมากที่สุด', 'ดูแลสวนหรือต้นไม้', 'ขับมอเตอร์ไซค์ชมวิว', 'วิ่งออกกำลังกาย 10 กิโลเมตรในช่วงเที่ยง', 'ดื่มสุราสังสรรค์กับเพื่อน', 1, 0),
(16, 1, 'ข้อใด ไม่ใช่ การสร้างความรู้สึกมีคุณค่าให้กับผู้สูงอายุ', 'การขอคำปรึกษาในเรื่องการเลี้ยงลูก', 'การขอคำปรึกษาในเรื่องการดูแลบ้าน', 'การขอคำปรึกษาในเรื่องการกู้เงิน', 'การขอคำปรึกษาในเรื่องการทำอาหาร', 3, 0),
(17, 1, 'กิจกรรมการสวดมนต์ ไหว้พระ นั่งสมาธิ ฟังธรรม ส่งผลทำให้ผู้สูงอายุเกิดความรู้สึกในด้านใด', 'ความจำดีขึ้น ', 'มีจิตใจที่สงบและ สบายใจขึ้น', 'ร่างกายแข็งแรงขึ้น', 'อาการป่วยหายไวขึ้น', 2, 0),
(18, 1, 'ทางเข้าออกของผู้สูงอายุ ไม่ควร เป็นลักษณะใด', 'มีบันไดเพื่อเป็นทางลง', 'ทิศทางต่างๆไม่ซับซ้อน', 'ประตูของทุกห้องควรมีลักษณะดันเปิดออกจากภายในได้', 'หากผู้สูงอายุนั่งรถเข็น พื้น ควรเป็นแนวราบเรียบ', 1, 0),
(19, 1, 'เนื้อปลาที่มีโอเมก้า 3 สามารถป้องกันโรคใดได้', 'โรคตับอักเสบ', 'โรคหลอดเลือดแข็งกับโรงหัวใจ', 'โรคความดันต่ำ', 'โรคมะเร็งตับ', 2, 0),
(20, 1, 'แร่ธาตุที่ผู้สูงอายุต้องการ และมักจะขาดคือข้อใด', 'ฟอสฟอรัส', 'โปแตสเซียม', 'ธาตุแคลเซียมและธาตุสังกะสี', 'แมกนีเซียม', 3, 0),
(21, 1, 'ธาตุสังกะสี มักจะพบในจำพวกใด', 'กุ้ง หอย ปู ปลา ปลาหมึก', 'ผักและผลไม้', 'ข้าวและแป้ง', 'หมู เนื้อ ไก่', 1, 0),
(22, 1, 'ผู้สูงอายุควรได้รับแคลเซียมและฟอสฟอรัสประมาณ เท่าไหร่ต่อวัน', '500 – 1000 	มิลลิกรัม/วัน', '1000 – 1500	มิลลิกรัม/วัน', '1500 – 2000	มิลลิกรัม/วัน', '2500 – 3000	มิลลิกรัม/วัน', 2, 0),
(23, 1, 'ผู้สูงอายุควรออกกำลังกายสัปดาห์ละกี่วัน', '1 – 2 วัน', '2 – 4 วัน', '3 – 5 วัน', '6 – 7 วัน', 3, 0),
(24, 1, 'ข้อใด ไม่ใช่ ประโยชน์ของการออกกำลังกายในวัยผู้สูงอายุ', 'ช่วยผ่อนคลายความเครียด ไม่ซึมเศร้า', 'ช่วยให้กล้ามเนื้อแข็งแรง', 'ช่วยให้ระบบขับถ่ายดีขึ้น', 'ช่วยให้ผิวพรรณบนใบหน้าหาย หย่นคล้อย ', 4, 0),
(25, 1, '. ผู้สูงอายุ ควรรับประทาน ไข่ และนม  อย่างน้อยวันละเท่าไหร่', 'ไข่ 2 ฟอง  นม 2 แก้ว', 'ไข่ 3 ฟอง  นม 2 แก้ว', 'ไข่ 2 ฟอง  นม 1 แก้ว', 'ไข่ 1 ฟอง  นม 1 แก้ว', 4, 0),
(41, 1, 'แคลเซียม มักพบในอาหาร จำพวกใด', 'นม ก้อนเต้าหู้  ', 'ข้าว ก๋วยเตี๋ยว ', 'ขนมปัง แป้ง', 'น้ำผลไม้  น้ำขิง', 1, 0),
(42, 1, 'อาหารเช้า ในข้อใดที่เหมาะสมกับผู้สูงอายุมากที่สุด', 'ส้มตำปูปลาร้า  แตงโม 3 ชิ้น', 'ปลานึ่งราดซีอิ๋ว แก้วมังกร 6 ชิ้น', 'ต้มยำกุ้ง ส้ม 1 ผล', 'ขนมจีนน้ำเงี้ยว แอปเปิ้ล 1 ผล', 2, 0),
(43, 1, 'ก่อนออกกำลังกายทุกครั้ง ควรอบอุ่นร่างกายและผ่อนคลายร่างกายอย่างน้อยครั้งละ กี่นาที', '2-5   นาที', '10-15 นาที', '5-10  นาที', '15-20 นาที', 3, 0),
(44, 1, 'ข้อใด ไม่ใช่ ลักษณะห้องน้ำของผู้สูงอายุที่ถูกต้อง', 'ห้องน้ำไม่ควรลื่นแม้จะเปียก', 'ห้องอาบน้ำควรมีแผ่นยางหรือวัสดุกันลื่น', 'ควรมีราวจับขณะที่เข้าหรือออกจากอ่างอาบน้ำ', 'ควรมีเก้าอี้นั่งอาบน้ำสำหรับผู้สูงอายุ', 4, 0),
(45, 1, 'ข้อใด ไม่ใช่ ลักษณะห้องนอนของผู้สูงอายุที่ถูกต้อง', 'เว้นที่รอบๆเตียงนอน เพื่อจะเดินได้อย่างปลอดภัย', 'ควรมีเก้าอี้หนึ่งตัว เพื่อไว้แต่งตัว', 'วางตะเกียงหรือไฟฉายไว้ใกล้ที่นอนพอที่จะเอื้อมถึงได้', 'มีราวจับหลายๆอันไว้ใน ห้องนอน', 4, 0),
(46, 1, 'ข้อใดคือ สิ่งสำคัญในการใช้ยาอย่างถูกต้องควรทำอย่างไร เพื่อให้สามารถ ใช้ยาได้อย่างถูกคน ถูกโรค ถูกขนา', 'อ่านฉลากยาให้ถี่ถ้วน ', 'รับประทานยาตาม ที่เวลาตัวเราเองสะดวก โดยไม่ได้ดูฉลากยา', 'รับประทานยาทันทีเมื่อเกิดอาการไข้ โดยไม่ได้ดูฉลากยา', 'ใช้ยาเกินขนาด ไม่รับประทานตามที่หมอบอก', 1, 0),
(47, 1, 'ข้อใด ไม่ใช่ ความสะอาดสะอ้าน ในด้านสิ่งแวดล้อม', 'ทุกห้องควรได้รับการดูแล ไม่ควรมี เศษฝุ่น', 'ทุกห้อง อาจจะมีเศษขยะได้บ้างเล็กน้อย', 'ทุกห้องควรปลอดกลิ่นเหม็นจากสิ่งปฏิกูล', 'ทุกห้องไม่ควรมีกลิ่น ควันบุหรี่ ทินเนอร์', 2, 1),
(48, 2, 'คำถามที่ 1', 'ข้อ 1', 'ข้อ 2', 'ข้อ 3', 'ข้อ 4', 2, 0),
(49, 2, 'hghghg', 'gg', 'gg', 'gg', 'gg', 2, 0),
(50, 2, 'hghghg', 'gg', 'gg', 'gg', 'gg', 2, 1),
(51, 3, 'คำถามที่ 1', 'ข้อ 1', 'ข้อ 2', 'ข้อ 3', 'ข้อ 4', 1, 0),
(52, 4, 'คำถามที่ 1', 'ข้อ 1', 'ข้อ 2', 'ข้อ 3', 'ข้อ 4', 2, 0),
(53, 4, 'คำถามที่ 2', 'ข้อ 1', 'ข้อ 2', 'ข้อ 3', 'ข้อ 4', 3, 0),
(54, 4, 'คำถามที่ 3', 'ข้อ 1', 'ข้อ 2', 'ข้อ 3', 'ข้อ 4', 2, 0),
(55, 1, 'คำถามที่ 4', 'ข้อ 1', 'ข้อ 2', 'ข้อ 3', 'ข้อ 4', 2, 0),
(56, 4, 'คำถามที่ 5', 'ข้อ 1', 'ข้อ 2', 'ข้อ 3', 'ข้อ 4', 3, 0),
(57, 4, 'คำถามที่ 6', 'ข้อ 1', 'ข้อ 2', 'ข้อ 3', 'ข้อ 4', 4, 0),
(58, 4, 'คำถามที่ 7', 'ข้อ 1', 'ข้อ 2', 'ข้อ 3', 'ข้อ 4', 2, 0),
(59, 4, 'คำถามที่ 8', 'ข้อ 1', 'ข้อ 2', 'ข้อ 3', 'ข้อ 4', 3, 0),
(60, 4, 'คำถามที่ 9', 'ข้อ 1', 'ข้อ 2', 'ข้อ 3', 'ข้อ 4', 3, 0),
(61, 4, 'คำถามที่ 10', 'ข้อ 1', 'ข้อ 2', 'ข้อ 3', 'ข้อ 4', 1, 0),
(62, 4, 'คำถามที่ 12', 'ข้อ 1', 'ข้อ 2', 'ข้อ 3', 'ข้อ 4', 1, 0),
(63, 4, 'คำถามที่ 11', 'ข้อ 1', 'ข้อ 2', 'ข้อ 3', 'ข้อ 4', 2, 0),
(64, 4, 'คำถามที่ 13', 'ข้อ 1', 'ข้อ 2', 'ข้อ 3', 'ข้อ 4', 1, 0),
(65, 4, 'คำถามที่ 14', 'ข้อ 1', 'ข้อ 2', 'ข้อ 3', 'ข้อ 4', 1, 0),
(66, 4, 'คำถามที่ 15', 'ข้อ 1', 'ข้อ 2', 'ข้อ 3', 'ข้อ 4', 2, 0),
(67, 5, 'คำถามที่ 1', 'ข้อ 1', 'ข้อ 2', 'ข้อ 3', 'ข้อ 4', 1, 0),
(68, 6, 'สิทธิบัตร ตาม พ.ร.บ มีทั้งหมดกี่ประเภท', '3 ประเภท', '4 ประเภท', '5 ประเภท', '6 ประเภท', 1, 0),
(69, 6, 'สิทธิบัตร ทั้ง 3 ประเภทมีอะไรบ้าง', 'สิทธิบัตรการประดิษฐ์ สิทธิบัตรการขนส่ง อนุสิทธิบัตร', 'สิทธิบัตรการขนส่ง สิทธิบัตรการออกแบบผลิตภัณฑ์ อนุสิทธิบัตร', 'สิทธิบัตรการประดิษฐ์ สิทธิบัตรการออกแบบผลิตภัณฑ์ อนุสิทธิบัตร', 'สิทธิบัตรการขนส่ง สิทธิบัตรการคุ้มครองผู้บริโภค อนุสิทธิบัตร', 3, 0),
(70, 6, 'การประดิษฐ์ลักษณะใดที่ ”สิทธิบัตรการประดิษฐ์” จะให้การคุ้มครอง', 'การประดิษฐ์ที่เลียนแบบคนอื่นมา', 'สิ่งประดิษฐ์ที่ประดิษฐ์ขึ้นมาครั้งแรกยังไม่เคยเปิดเผยที่ไหนมาก่อน', 'สิ่งประดิษฐ์ที่ถูกปรับแต่งเพิ่มขึ้นจากของเดิม', 'สิ่งประดิษฐ์ที่สามารถทำได้ง่ายๆใครก็ทำได้', 2, 0),
(71, 6, 'การประดิษฐ์ลักษณะใดที่ ”สิทธิบัตรการออกแบบผลิตภัณฑ์” จะให้การคุ้มครอง', 'แก้วที่มีลวดลายและสีสันใหม่ๆที่ถูกออกแบบมาใหม่', 'ขวดที่มีลายโดราเอม่อนอยู่แบบน่ารักๆ', 'จานที่มีรูปร่างเหมือนจานใบอื่นๆ', 'ปากกาที่มีลายเหมือนๆกะเจ้าอื่นๆ', 1, 0),
(72, 6, 'การประดิษฐ์ลักษณะใดที่ ”อนุสิทธิบัตร” จะให้การคุ้มครอง', 'การประดิษฐ์ที่ยิ่งใหญ่อลังการ', 'การประดิษฐ์ที่ไม่สร้างประโยชน์ให้ใครเลย', 'การประดิษฐ์ที่ง่ายเกินไปใครๆก้ทำได้', 'การประดิษฐ์ที่ต่อยอดจากเดิมทำให้มีประสิทธิภาพมากขึ้น', 4, 0),
(73, 6, 'สิทธิบัตรการประดิษฐ์มีอายุการคุ้มครองกี่ปี', '10ปี', '20ปี', '25ปี', '28ปี', 2, 0),
(74, 6, '”สิทธิบัตรการออกแบบผลิตภัณฑ์” มีอายุการคุ้มครองกี่ปี', '10ปี', '13ปี', '15ปี', '18ปี', 1, 0),
(75, 6, '”อนุสิทธิบัตร” มีอายุการคุ้มครองกี่ปี', '3ปี', '5ปี', '6ปี', '7ปี', 3, 0),
(76, 6, 'การจดทะเบียนสิทธิบัตร ต้องไปจดที่ไหน', 'กรมทรัพย์สินทางปัญญา', 'สำนักงานพาณิชย์ประจำจังหวัด', 'ไปรษณีย์ใกล้บ้าน', 'ถูกทุกข้อ', 4, 0),
(77, 6, 'การกระทำใดถือเป็นการ “ละเมิด “สิทธิบัตร', 'นำสิ่งประดิษฐ์ไปหาผลประโยชน์โดยไม่ได้รับอนุญาติ', 'ขอถ่ายรูปสิ่งประดิษฐ์ไปเผยแพร่', 'ขอนำไปออกรายการโทรทัศน์', 'ทำซ้ำโดยรับการยินยอมจากเจ้าของแล้ว', 1, 0),
(78, 6, 'การ “ละเมิด” สิทธิบัตร มีโทษตามกฎหมายอย่างไรบ้าง', 'จำคุกไม่เกิน2ปี ปรับไม่เกิน2แสน หรือทั้งจำทั้งปรับ', 'จำคุกไม่เกิน3ปี ปรับไม่เกิน2แสน หรือทั้งจำทั้งปรับ', 'จำคุกไม่เกิน2ปี ปรับไม่เกิน4แสน หรือทั้งจำทั้งปรับ', 'จำคุกไม่เกิน3ปี ปรับไม่เกิน4แสน หรือทั้งจำทั้งปรับ', 3, 0),
(79, 6, 'สิทธิบัตร มีหน้าที่ทำอะไร', 'คุ้มครองสัตว์เลี้ยง', 'คุ้มครองสิ่งประดิษฐ์', 'คุ้มครองชีวิต', 'คุ้มครองทรัพย์สิน', 2, 0),
(80, 6, 'สิ่งประดิษฐ์ในข้อใดที่จะสามารถจดทะเบียน “สิทธิบัตรการประดิษฐ์” ได้', 'รถยนต์พลังเบนซิน', 'เรือดำน้ำ', 'รถยนต์ลอยได้', 'เรือหางยาว', 3, 0),
(81, 6, 'สิ่งประดิษฐ์ในข้อใดที่จะสามารถจดทะเบียน “สิทธิบัตรการออกแบบผลิตภัณฑ์” ได้', 'แก้วลายมิกกี้เมาส์', 'แก้วลายปลาฉลาม', 'แก้วลายหมู', 'แก้วลายที่ออกแบบเอง', 4, 0),
(82, 6, 'สิ่งประดิษฐ์ในข้อใดที่จะสามารถจดทะเบียน “อนุสิทธิบัตร” ได้', 'ปรับแต่งมอเตอไซต์ให้เป็นคาบูแดช', 'ปรับแต่งโทรศัพท์มือถือด้วยเคสลายปิกาจู', 'ปรับแต่งโทรทัศน์ธรรมดาให้เป็นสมาททีวี', 'ปรับแต่งรถยนต์เป็นเครื่อง 2J Turbo', 3, 0),
(83, 7, 'แผนผังภูมิวงจรรวม คืออะไร', 'my mapping', 'แผนผังที่แสดงทางเดินไฟฟ้า', 'แผนผัง DFD', 'แผนที่', 2, 0),
(84, 7, 'แผนผังภูมิวงจรรวม ที่จะนำมารับความคุ้มครอง จะต้องมีลักษณะแบบใด', 'ทำขึ้นเอง และไม่เป็นที่รู้จักในวงการอุตสาหกรรม', 'ทำขึ้นเอง แต่มีการใช้กันในวงการอุตสาหกรรมไปแล้ว', 'ยืมเพื่อนมา', 'ถูกทุกข้อ', 1, 0),
(85, 7, 'ผู้ที่สามารถรับความคุ้มครอง แผนผังภูมิวงจรรวม ได้มีกี่ประเภท ', '2ประเภท', '3ประเภท', '4ประเภท', '5ประเภท', 3, 0),
(86, 7, 'บุคคลใดต่อไปนี้ “ที่มีสิทธิ” ขอรับความคุ้มครอง แผนผังภูมิวงจรรวมได้', 'จุก เป็นคนขับรถมาส่งอุปกรณ์การประดิษฐ์', 'ตือ เป็นเจ้าของบ้านที่ใช้ทำการประดิษฐ์', 'ฟาง เป็นผู้ออกแบบแผนผังภูมิวงจรรวม ขึ้นเอง', 'เนส เป็นคนข้างบ้าน', 3, 0),
(87, 7, 'บุคคลใดต่อไปนี้ “ที่ไม่มีสิทธิ” ขอรับความคุ้มครอง แผนผังภูมิวงจรรวมได้', 'ผู้ออกแบบ', 'ผู้ออกแบบร่วม', 'ผู้ว่าจ้างทำ', 'ผู้ที่รอลอกอย่างเดียว', 4, 0),
(88, 7, 'แผนผังภูมิวงจรรวม มีอายุการคุ้มครองกี่ปี', '8ปี', '10ปี', '13ปี', '15ปี', 2, 0),
(89, 7, 'ผู้ที่ได้รับการคุ้มครอง แผนผังภูมิวงจรรวมแล้ว จะถูกเรียกว่าอะไร', 'ผู้ทรงสิทธิ', 'ผู้ทรงอิทธิพล', 'ผู้ทรงแผนผังภูมิวงจรรวม', 'ผู้ถูกคุ้มครอง', 1, 0),
(90, 7, 'ผู้ทรงสิทธิ จะสามารถทำอะไรกับแผนผังภูมิที่ได้รับการจดทะเบียนแล้วได้บ้าง', 'นำไปขาย', 'นำไปเผยแพร่', 'นำไปใช้ต่อยอด', 'ถูกทุกข้อ', 4, 0),
(91, 7, 'ข้อใดถือเป็นการ ละเมิด ผู้ทรงสิทธิ', 'ขอนำไปศึกษา', 'ขอนำไปประกอบการสอน', 'แอบนำไปทำซ้ำ', 'แอบนำไปทำซ้ำ', 3, 0),
(92, 7, 'หาก ละเมิดผู้ทรงสิทธิ จะต้องรับโทษทางกฎหมายอย่างไรบ้าง', 'ปรับ5หมื่นถึง1ล้านบาท', 'ปรับ8หมื่นถึง1ล้านบาท', 'ปรับ1แสนถึง1ล้านบาท', 'ปรับ5แสนถึง1ล้านบาท', 1, 0),
(93, 7, 'ข้อใดถูกต้อง เกี่ยวกับบุคคล ที่กฎหมายกำหนดให้มีสิทธิขอรับการคุ้มครองแผนผังภูมิวงจรรวม', 'ผู้ออกแบบและผู้ออกแบบร่วม', 'ผู้รับมรดกจากผู้คิดค้นแผนผังภูมิวงจรรวม', 'พนักงานที่คิดค้นโดยได้รับคำสั่ง', 'ถูกทุกข้อ', 4, 0),
(94, 7, 'พนักงานหรือลูกจ้างที่เป็นผู้คิดค้น แบบผังภูมิวงจรรวม เองสามารถนำไปจดทะเบียนได้ไหม', 'ได้ เพราะเป็นไอเดียของตัวเอง', 'ไม่ได้ เพราะเป็นคำสั่งให้ทำจากหัวหน้า', 'ไม่ได้ เพราะไม่ใช่เงินตัวเองในการคิดค้น', 'ไม่มีข้อใดถูก', 1, 0),
(95, 7, 'กฏหมายกำหนดให้บุคคลใด สามารถขอรับความคุ้มครองแบบผังภูมิได้บ้าง', 'ผู้ออกแบบ ผู้สังเกตการณ์ ผู้ช่วย ผู้ว่าจ้าง', 'ผู้ออกแบบ พนักงาน ผู้ว่าจ้าง ผู้รับโอน', 'ผู้ออกแบบ พนักงาน ผู้ว่าจ้าง รัฐบาล', 'ไม่มีข้อใดถูก', 2, 0),
(96, 7, 'ลักณะของแผนผังภูมิวงจรรวม เป็นอย่างไร', 'เป็นภาพที่ทำขึ้นเพื่อให้เห็นถึงการจัดวางชิ้นส่วนทางไฟฟ้า', 'เป็นภาพที่ทำขึ้นเพื่อใช้ในการเรียน', 'เป็นภาพที่นำไปโชว์ในการแสดง', 'เป็นภาพที่นำไปโปรโมตสินค้า', 1, 0),
(97, 7, 'ในกรณีที่คิดค้นแผนผังภูมิขึ้นมาใหม่ ลูกจ้างหรือผู้ว่าจ้าง ใครจะมีสิทธิในการรับความคุ้มครอง', 'ลูกจ้าง เพราะเป็นการจ้างแรงงาน', 'ผู้ว่าจ้าง เพราะเป็นการจ้างทำจากหน่วยงานรัฐวิสาหกิจ', 'ข้อ ก.กับ ข.ถูก', 'ไม่มีข้อใดถูก', 3, 0),
(98, 8, 'เจ้าของความลับสามารถนำความลับไปแจ้งที่ใด เพื่อแสดงความเป็นเจ้าของ', 'สถานีตำรวจ', 'กรมสรรพากร', 'กรมบัญชีกลาง', 'กรมทรัพย์สินทางปัญญา', 4, 0),
(99, 8, 'ความลับทางการค้าคือ', 'ข้อมูลทางการค้าที่นำไปใช้ประโยชน์ทางการค้าได้', 'ข้อมูลทางการค้าที่รู้จักกันโดยทั่วไป', 'ข้อมูลลับสุดยอดของรัฐบาล', 'ข้อมูลบนหนังสือพิมพ์', 1, 0),
(100, 8, 'เจ้าของความลับสามารถนำความลับไปแปลงเป็นทุนได้ที่ไหน', 'ธนาคาร', 'โรงรับจำนำ	', 'กรมทรัพย์สินทางปัญญา', 'กรมบัญชีกลาง', 1, 0),
(101, 8, 'เจ้าของความลับสามารถนำความลับไปแปลงเป็นทุน มีชื่อโครงการว่าอะไร', 'โครงการเปลี่ยนความลับให้เป็นทอง	', 'โครงการแปลงทัรพย์สินทางปัญญาเป็นทุน', 'โครงการเราช่วยคุณได้', 'โครงการการลุงทุนกับความลับ', 2, 0),
(102, 8, 'โครงการแปลงทัรพย์สินทางปัญญาเป็นทุน เป็นนโยบายของใคร	', 'ผู้ใหญ่บ้าน', 'ศาลากลาง', 'ทหาร', 'รัฐบาล', 4, 0),
(103, 8, 'ความลับทางการค้าโอนให้กันได้หรือไม่', 'ได้โดยทางมรดก', 'ไม่ได้', 'ได้โดยทางนิติกรรม', 'ข้อ ก และ ค ถูก', 4, 0),
(104, 8, 'บทกำหนดโทษ ตามพระราชบัญญัติความลับทางการค้า พศ 2545 มาตรา 33 มีการกำหนดโทษจำคุกกี่ปี', 'ไม่เกิน1ปี', 'ไม่เกิน2ปี', 'ไม่เกิน3ปี', 'ไม่เกิน4ปี', 1, 0),
(105, 8, 'บทกำหนดโทษ ตามพระราชบัญญัติความลับทางการค้า พศ 2545 มาตรา 33 มีการกำหนดโทษปรับเป็นเงินจำนวนเท่าใด', 'ไม่เกิน5หมื่นบาท', 'ไม่เกิน1แสนบาท', 'ไม่เกิน1แสน5หมื่นบาท', 'ไม่เกิน2แสนบาท', 4, 0),
(106, 8, 'ข้อใดกล่าวถูกต้อง', 'ความลับทางการค้าคือ ข้อมูลทางการค้าที่นำไปใช้ประโยชน์ทางการค้าไม่ได้', 'ความลับทางการค้าคือ ข้อมูลทางการค้าที่นำไปใช้ประโยชน์ทางการค้าได้', 'ความลับทางการค้าคือ ข้อมูลที่หาได้ทั่วไปบนอินเตอร์เน็ต', 'ความลับทางการค้าคือ ข้อมูลลับเฉพาะของรัฐบาล', 2, 0),
(107, 8, 'ข้อใดกล่าวถูกต้อง', 'เจ้าของความลับ มีอำนาจนำความลับของตนมาเป็นหลักประกันในการกู้ยืมเงินกับธนาคาร', 'เจ้าของความลับ มีอำนาจนำความลับของตนมาเป็นหลักประกันในการกู้ยืมเงินกับรัฐบาล', 'เจ้าของความลับ มีอำนาจนำความลับของตนมาเป็นหลักประกันในการกู้ยืมเงินกับกรมบัญชีกลาง', 'เจ้าของความลับ มีอำนาจนำความลับของตนมาเป็นหลักประกันในการกู้ยืมเงินกับกรมทรัพย์สินทางปัญญา', 1, 0),
(108, 8, 'ข้อใดกล่าวถูกต้อง', 'ความลับทางการค้าให้เป็นทรัพย์สินที่สามารถโอนให้แก่กันได้โดยทาง ขอยืม', 'ความลับทางการค้าให้เป็นทรัพย์สินที่สามารถโอนให้แก่กันได้โดยทาง มรดก หรือ ทาง นิติกรรม', 'ความลับทางการค้าให้เป็นทรัพย์สินที่สามารถโอนให้แก่กันได้โดยทาง อ้างสิทธิ์', 'ความลับทางการค้าให้เป็นทรัพย์สินที่สามารถโอนให้แก่กันได้โดยทาง เป็นลูกจ้าง', 2, 0),
(109, 8, 'ข้อใดกล่าวถูกต้อง', 'บทกำหนดโทษ ต้องระวางโทษ จำคุก ไม่เกิน1ปี หรือปรับไม่เกิน2แสนบาท', 'บทกำหนดโทษ ต้องระวางโทษ จำคุก ไม่เกิน2ปี หรือปรับไม่เกิน4แสนบาท', 'บทกำหนดโทษ ต้องระวางโทษ จำคุก ไม่เกิน2ปี หรือปรับไม่เกิน5แสนบาท', 'บทกำหนดโทษ ต้องระวางโทษ จำคุก ไม่เกิน2ปี หรือปรับไม่เกิน2แสนบาท', 1, 0),
(110, 8, 'ผู้ใดก็ตามที่ทำให้ความลับทางการค้าของผู้อื่น สิ้นสภาพการเป็นความลับ ประโยคนี้มาจากพระราชบัญญัติความล', 'ตามพระราชบัญญัติความลับทางการค้า พศ 2545 ', 'ตามพระราชบัญญัติความลับทางการค้า พศ 2544 ', 'ตามพระราชบัญญัติความลับทางการค้า พศ 2542 ', 'ตามพระราชบัญญัติความลับทางการค้า พศ 2547 ', 1, 0),
(111, 8, 'ผู้ใดก็ตามที่ทำให้ความลับทางการค้าของผู้อื่น สิ้นสภาพการเป็นความลับ ประโยคนี้มาจากพระราชบัญญัติความล', 'มาตรา 44', 'มาตรา 33', 'มาตรา 22', 'มาตรา 11', 2, 0),
(112, 8, 'บทกำหนดโทษ ตามพระราชบัญญัติความลับทางการค้า พศ 2545 มาตรา 33 มีบทลงโทษว่าอย่างไร', 'บทกำหนดโทษ ต้องระวางโทษ จำคุก ไม่เกิน1ปี หรือปรับไม่เกิน2แสนบาทหรือ ทั้งจำทั้งปรับ', 'บทกำหนดโทษ ต้องระวางโทษ จำคุก ไม่เกิน1ปี หรือปรับไม่เกิน2แสนบาท', 'บทกำหนดโทษ ต้องระวางโทษ จำคุก ไม่เกิน2ปี หรือปรับไม่เกิน5แสนบาทหรือ ทั้งจำทั้งปรับ', 'บทกำหนดโทษ ต้องระวางโทษ จำคุก ไม่เกิน2ปี หรือปรับไม่เกิน2แสนบาท', 1, 0),
(113, 9, 'บ่งชี้ทางภูมิศาสตร์ มีชื่อย่อที่เรียกกันสั้นๆว่าอะไร', 'GG', 'EZ', 'GI ', 'EX', 3, 0),
(114, 9, 'สิ่งบ่งชี้ทางภูมิศาสตร์เปรียบเสมือนอะไร', 'โล่รางวัลการประกวด', 'ของโบราณวัตถุ	', 'แบรนด์สินค้าท้องถิ่น', 'สถานที่มีชื่อเสียงจังหวัดต่างๆ', 3, 0),
(115, 9, 'ประโยชน์ที่จะได้รับเมื่อขึ้นทะเบียนสินค้าชุมชนเป็นสิ่งบ่งชี้ทางภูมิศาสตร์', 'คุ้มครอง', 'ครองตลาด	', 'เปลี่ยนแปลง', 'ถูกทุกข้อ', 1, 0),
(116, 9, 'ตราสัญลักษณ์ GI ไทย มีอายุกี่ปี', '5 ปี	', '2 ปี	', '3 ปี', '1 ปี', 2, 0),
(117, 9, 'สินค้าที่ไม่สามารถขึ้นทะเบียน GI ตามพระราชบัญญัติ พ.ศ. 254X ?', '2546', '2544	', '2545', '2543', 1, 0),
(118, 9, 'สินค้าที่ไม่สามารถขึ้นทะเบียน GI ตามพระราชบัญญัติ 254X มาตราที่เท่าไหร่', 'มาตราที่4', 'มาตราที่2', 'มาตราที่6', 'มาตราที่5', 4, 0),
(119, 9, 'สินค้าที่ไม่สามารถขึ้นทะเบียน GI เช่น', 'อาวุธ', 'สารเสพติด', 'สัตว์เลี้ยง', 'ถูกทุกข้อ', 4, 0),
(120, 9, 'บทลงโทษสำหรับบุคคลที่ปลอมแปลงสินค้า GI ต้องระวางโทษปรับเป็นจำนวนเงินเท่าใด', 'ไม่เกิน 200,000 บาท', 'ไม่เกิน 300,000 บาท', 'ไม่เกิน 400,000 บาท', 'ไม่เกิน 500,000 บาท', 1, 0),
(121, 9, 'ประโยชน์ที่จะได้รับเมื่อขึ้นทะเบียนสินค้าชุมชนเป็นสิ่งบ่งชี้ทางภูมิศาสตร์', 'ปลอดภาษี', 'สนับสนุน', 'รับซื้อ', 'ถูกทุกข้อ', 2, 0),
(122, 9, 'ประโยชน์ที่จะได้รับเมื่อขึ้นทะเบียนสินค้าชุมชนเป็นสิ่งบ่งชี้ทางภูมิศาสตร์', 'ปลอดภาษี', 'ควบคุมการส่งออก', 'ดูแลรักษา', 'ถูกทุกข้อ', 3, 0),
(123, 9, 'ประโยชน์ที่จะได้รับเมื่อขึ้นทะเบียนสินค้าชุมชนเป็นสิ่งบ่งชี้ทางภูมิศาสตร์', 'ปลอดภาษี', 'ครองตลาด	', 'เพิ่มมูลค่า', ' ถูกทุกข้อ', 3, 0),
(124, 9, 'ประโยชน์ที่จะได้รับเมื่อขึ้นทะเบียนสินค้าชุมชนเป็นสิ่งบ่งชี้ทางภูมิศาสตร์', 'ครองตลาด', 'ก้าวสู่ระดับสากล', 'ปลอดภาษี', 'ถูกทุกข้อ', 2, 0),
(125, 9, 'ประโยชน์ที่จะได้รับเมื่อขึ้นทะเบียนสินค้าชุมชนเป็นสิ่งบ่งชี้ทางภูมิศาสตร์', 'ครองตลาด', 'สร้างความเชื่อมั่น', 'ปลอดภาษี', 'ถูกทุกข้อ', 2, 0),
(126, 9, 'ประโยชน์ที่จะได้รับเมื่อขึ้นทะเบียนสินค้าชุมชนเป็นสิ่งบ่งชี้ทางภูมิศาสตร์', 'ครองตลาด', 'สร้างความเข้มแข็ง	', 'ปลอดภาษี', 'ถูกทุกข้อ', 2, 0),
(127, 9, 'สินค้าที่ขึ้นทะเบียนแล้วโดย GI', 'บุหรี่ทำเองของลุงโทนี่', 'เครื่องปั้นดินเผาบ้านเชียง', 'เหล้าต้มเองของลุงขวด', 'เสื้อผ้ามือสองจากตลาดโรงเกลือ', 2, 0),
(128, 10, 'เครื่องหมายการค้ามีกี่ประเภท', '3 ประเภท', '4 ประเภท', '5 ประเภท', '6 ประเภท', 2, 0),
(129, 10, 'เครื่องหมายการค้าที่จดทะเบียนแล้วจะมีอายุความคุ้มครองกี่ปี', '5 ปี', '10 ปี', '15 ปี', '20 ปี', 2, 0),
(130, 10, 'เครื่องหมายบริการหมายถึงข้อใด', 'เครื่องหมายที่ใช้เพื่อแสดงว่าบริการที่ใช้เครื่องหมายนั้นแตกต่างกับบริการที่ใช้เครื่องหมายบริการของบุ', 'เครื่องหมายที่ใช้เพื่อแสดงว่าสินค้าที่ใช้เครื่องหมายนั้นแตกต่างกับสินค้าที่ใช้เครื่องหมายการค้าของบุ', 'เครื่องหมายที่เจ้าของเครื่องหมายรับรองใช้เพื่อเป็นการรับรองคุณภาพของสินค้านั้น', 'เครื่องหมายที่ใช้โดยบริษัทหรือวิสาหกิจในกลุ่ม เดียวกัน หรือโดยสมาชิกของสมาคม กลุ่มบุคคล ', 1, 0),
(131, 10, 'เครื่องหมายการค้าหมายถึงข้อใด', 'เครื่องหมายที่ใช้เพื่อแสดงว่าบริการที่ใช้เครื่องหมายนั้นแตกต่างกับบริการที่ใช้เครื่องหมายบริการของบุ', 'เครื่องหมายที่ใช้เพื่อแสดงว่าสินค้าที่ใช้เครื่องหมายนั้นแตกต่างกับสินค้าที่ใช้เครื่องหมายการค้าของบุ', 'เครื่องหมายที่เจ้าของเครื่องหมายรับรองใช้เพื่อเป็นการรับรองคุณภาพของสินค้านั้น', 'เครื่องหมายที่ใช้โดยบริษัทหรือวิสาหกิจในกลุ่ม เดียวกัน หรือโดยสมาชิกของสมาคม กลุ่มบุคคล ', 2, 0),
(132, 10, 'เครื่องหมายรับรองหมายถึงข้อใด', 'เครื่องหมายที่ใช้เพื่อแสดงว่าบริการที่ใช้เครื่องหมายนั้นแตกต่างกับบริการที่ใช้เครื่องหมายบริการของบุ', 'เครื่องหมายที่ใช้เพื่อแสดงว่าสินค้าที่ใช้เครื่องหมายนั้นแตกต่างกับสินค้าที่ใช้เครื่องหมายการค้าของบุ', 'เครื่องหมายที่เจ้าของเครื่องหมายรับรองใช้เพื่อเป็นการรับรองคุณภาพของสินค้านั้น', 'เครื่องหมายที่ใช้โดยบริษัทหรือวิสาหกิจในกลุ่ม เดียวกัน หรือโดยสมาชิกของสมาคม กลุ่มบุคคล ', 3, 0),
(133, 10, 'เครื่องหมายร่วมหมายถึงข้อใด', 'เครื่องหมายที่ใช้เพื่อแสดงว่าบริการที่ใช้เครื่องหมายนั้นแตกต่างกับบริการที่ใช้เครื่องหมายบริการของบุ', 'เครื่องหมายที่ใช้เพื่อแสดงว่าสินค้าที่ใช้เครื่องหมายนั้นแตกต่างกับสินค้าที่ใช้เครื่องหมายการค้าของบุ', 'เครื่องหมายที่เจ้าของเครื่องหมายรับรองใช้เพื่อเป็นการรับรองคุณภาพของสินค้านั้น', 'เครื่องหมายที่ใช้โดยบริษัทหรือวิสาหกิจในกลุ่ม เดียวกัน หรือโดยสมาชิกของสมาคม กลุ่มบุคคล ', 4, 0),
(134, 10, 'เครื่องหมายการค้าที่จดทะเบียนได้นั้นจะต้องมีลักษณะใด', 'เป็นเสียง mp3', 'เป็นภาพหรือคำที่ได้ประดิษฐ์ขึ้นหรือภาพของผู้เป็นเจ้าของ', 'เป็นวีดีโอ', 'เป็นภาพบุคคลอื่น', 2, 0),
(135, 10, 'เครื่องหมายการค้าที่จดทะเบียนแล้วสามารถต่ออายุความคุ้มครองออกไปได้ในทุกๆกี่ปี', '5 ปี', '10 ปี', '15 ปี', '20 ปี', 2, 0),
(136, 10, 'เครื่องหมายต้องห้ามของการจดทะเบียนเครื่องหมายการค้าคือข้อใด', 'ภาพถ่าย', 'ภาพวาด', 'ลายมือ', 'รูปธงชาติ', 4, 0),
(137, 10, 'เว็บไซต์ของกรมทรัพย์สินทางปัญญาคือข้อใด', 'www.rmthailand.go.th', 'www.ipthailand.go.th', 'www.ezthailand.go.th', 'www.ogthailand.go.th', 2, 0),
(138, 10, 'ข้อใดกล่าวถูกต้อง', 'แก้วโทรศัพท์ไปจดทะเบียนเครื่องหมายการค้าที่กรมทรัพย์สินทางปัญญา', 'ขวดยื่นคำขอด้วยตนเองต่อนายทะเบียนพร้อมชำระค่าทำเนียม ณ ศูนย์บริการทรัพย์สินทางปัญญา', 'เกมฝากเพื่อนยื่นคำขอต่อนายทะเบียนพร้อมชำระค่าทำเนียม ณ ศูนย์บริการทรัพย์สินทางปัญญา', 'ตุ่ยยื่นคำขอทางเฟสบุ๊คของกรมทรัพย์สินทางปัญญา', 2, 0),
(139, 10, 'ข้อใดกล่าวผิด', 'ตุ่ยใช้รูปธงชาติจดทะเบียนเครื่องหมายการค้า', 'เกมใช้รูปตัวเองจดทะเบียนเครื่องหมายการค้า', 'แก้วใช้ลายมือตัวเองจดทะเบียนเครื่องหมายการค้า', 'ขวดใช้ภาพวาดตัวเองจดทะเบียนเครื่องหมายการค้า', 1, 0),
(140, 10, 'ข้อใดคือชื่อย่อของกรมทรัพย์สินทางปัญญา', 'DIY', 'DDS', 'DII', 'DIP', 4, 0),
(141, 10, 'วิธียื่นคำขอจดทะเบียนเครื่องหมายการค้าทำได้กี่วิธี', '1 วิธี', '2 วิธี', '3 วิธี', '4 วิธี', 3, 0),
(142, 10, 'เครื่องหมายอะไรที่ใช้ร่วมกับกลุ่มบริษัทเดียวกัน', 'เครื่องหมายการค้า', 'เครื่องหมายบริการ', 'เครื่องหมายรับรอง', 'เครื่องหมายร่วม', 4, 0),
(143, 11, 'การจดทะเบียนคุ้มครองพันธุ์พืชใหม่มีอายุความคุ้มครองกี่ปี', '10-15 ปี', '15-20 ปี', '20-25 ปี', '25-30 ปี', 4, 0),
(144, 11, 'หากบุคคลอื่นนำพันธุ์พืชของเราไปแจกจำหน่ายโดยไม่ได้รับอนุญาตนั้นจะต้องระวางโทษจำคุกไม่เกินกี่ปี', '2 ปี ', '3 ปี ', '4 ปี ', '5 ปี ', 1, 0),
(145, 11, 'พืชที่รัฐจะให้การคุ้มครองต้องเป็นพันธุ์พืชใหม่และพันธุ์พืชใหม่จะต้องมีลักษณะดังข้อใด', 'ต้องมีลักษณะของมีความใหม่ ความแตกต่าง ความสม่ำเสมอและความคงตัวของลักษณะประจำพันธุ์', 'ขั้นตอนในการประดิษฐ์ที่ต่ำ', 'ไม่สามารถปรับแต่งพันธุ์พืชได้อีก', 'ไม่สารถผลิตพันธุ์พืชซ้ำได้อีก', 1, 0),
(146, 11, 'ข้อใดกล่าวถูกต้อง', 'นักปรับปรุงพันธุ์มีสิทธิใช้ประโยชน์เชิงพาณิชย์จากทุกส่วนของพันธุ์พืชใหม่ที่ตนปรับปรุงขึ้น', 'นักปรับปรุงพันธุ์ไม่มีสิทธิใช้ประโยชน์เชิงพาณิชย์จากทุกส่วนของพันธุ์พืชใหม่ที่ตนปรับปรุงขึ้น', 'ไม่มีข้อถูก', 'ถูกทุกข้อ', 1, 0),
(147, 11, 'ข้อใดกล่าวถูกต้อง', 'นักปรับปรุงพันธุ์มีสิทธิในการผลิตซ้ำและจำหน่าย ', 'นักปรับปรุงพันธุ์มีสิทธิในการผลิตซ้ำแต่ไม่มีสิทธิจำหน่าย', 'นักปรับปรุงพันธุ์ไม่มีสิทธิในการผลิตซ้ำแต่มีสิทธิจำหน่าย', 'นักปรับปรุงพันธุ์ไม่มีสิทธิในการผลิตซ้ำและไม่มีสิทธิจำหน่าย', 1, 0),
(148, 11, 'หากบุคคลอื่นนำพันธุ์พืชของเราไปแจกจำหน่ายโดยไม่ได้รับอนุญาตนั้นจะต้องระวางโทษปรับเป็นจำนวนเงินเท่าใด', '400,000 บาท', '500,000 บาท', '600,000 บาท', '700,000 บาท', 1, 0),
(149, 11, 'การคุ้มครองพันธุ์พืชคือข้อใด', 'การให้สิทธิแก่นักปรับปรุงพันธุ์พืชหรือบริษัทเมล็ดพันธุ์ที่ได้ปรับปรุงให้เกิดพันธุ์พืชใหม่ขึ้น', 'การให้เงินแก่นักปรับปรุงพันธุ์พืช', 'การให้กำลังใจแก่นักปรุงพันธุ์พืช', 'การให้ที่ดินในการปลูกพันธุ์พืชใหม่', 1, 0),
(150, 11, 'เจ้าของพันธุ์พืชใหม่สามารถนำพันธุ์พืชใหม่ไปแจ้งที่ใด เพื่อแสดงความเป็นเจ้าของ', 'สถานีตำรวจ', 'กรมสรรพากร', 'กรมบัญชีกลาง', 'กรมทรัพย์สินทางปัญญา', 4, 0),
(151, 11, 'การคุ้มครองพันธุ์พืชใช้กฎหมายด้านใด', 'ใช้กฎหมายสิทธิบัตร', 'ใช้กฎหมายเครื่องหมายทางการค้า', 'ใช้กฎหมายความลับทางการค้า', 'ใช้กฎหมายทั่วไป', 1, 0),
(152, 11, 'ข้อใดกล่าวถูกต้อง', 'บทกำหนดโทษต้องระวางโทษจำคุกไม่เกิด 2 ปี หรือปรับไม่เกิน 400,000 บาท หรือทั้งจำทั้งปรับ', 'บทกำหนดโทษต้องระวางโทษจำคุกไม่เกิด 2 ปี หรือปรับไม่เกิน 500,000 บาท หรือทั้งจำทั้งปรับ', 'บทกำหนดโทษต้องระวางโทษจำคุกไม่เกิด 3 ปี หรือปรับไม่เกิน 600,000 บาท หรือทั้งจำทั้งปรับ', 'บทกำหนดโทษต้องระวางโทษจำคุกไม่เกิด 3 ปี หรือปรับไม่เกิน 700,000 บาท หรือทั้งจำทั้งปรับ', 1, 0),
(153, 11, 'ประโยชน์ที่จะได้รับจากการจดทะเบียนคุ้มครองพันธุ์พืชใหม่', 'นักปรับปรุงพันธุ์มีสิทธิใช้ประโยชน์เชิงพาณิชย์จากทุกส่วนของพันธุ์พืชใหม่ที่ตนปรับปรุงขึ้น', 'นักปรับปรุงพันธุ์มีสิทธิในการผลิตซ้ำ ปรับสภาพ เก็บรักษา จำหน่าย นำเข้าและส่งออก', 'มีอายุการคุ้มครอง 20-25 ปี', 'ถูกทุกข้อ', 4, 0),
(154, 11, 'ข้อใดกล่าวถูกต้องเกี่ยวกับการคุ้มครองพันธุ์พืชโดยใช้กฎหมายสิทธิบัตร', 'ต้องมีลักษณะของมีความใหม่ ความแตกต่าง ความสม่ำเสมอและความคงตัวของลักษณะประจำพันธุ์', 'มีขั้นตอนการประดิษฐ์ที่สูง', 'สามารถนำไปประยุกต์ใช้ได้ในทางพาณิชยกรรมหรืออุตสาหกรรม', 'ถูกทุกข้อ ', 4, 0),
(155, 11, 'บุคคลใดต่อไปนี้ ที่มีสิทธิจดทะเบียนคุ้มครองพันธุ์พืชใหม่ได้', 'ลุงขวดประดิษฐ์และคิดค้นพันธุ์พืชใหม่ขึ้นมาเอง', 'แก้วเป็นคนขับรถให้ลุงขวด', 'โก๋เป็นเพื่อนลุงขวด', 'กุ้งเป็นเพื่อนบ้านลุงขวด', 1, 0),
(156, 11, 'ผู้ที่จดทะเบียนคุ้มครองพันธุ์พืชใหม่แล้วสามารถทำอะไรได้บ้าง', 'ผลิตซ้ำ', 'จำหน่าย', 'ปรับสภาพ', 'ถูกทุกข้อ', 4, 0),
(157, 11, 'ข้อใดถือเป็นการละเมิดสิทธิ', 'บุคคลอื่นนำพันธุ์พืชของเราไปแจกจำหน่ายโดยไม่ได้รับอนุญาต', 'บุคคลอื่นนำพันธุ์พืชของเราไปผลิตซ้ำโดยไม่ได้รับอนุญาต', 'บุคคลอื่นนำพันธุ์พืชของเราไปปรับสภาพโดยไม่ได้รับอนุญาต', 'ถูกทุกข้อ', 4, 0);

-- --------------------------------------------------------

--
-- Table structure for table `user`
--

CREATE TABLE `user` (
  `ID` int(5) NOT NULL,
  `Username` varchar(50) NOT NULL,
  `Password` varchar(200) NOT NULL,
  `Firstname` varchar(100) NOT NULL,
  `Lastname` varchar(100) NOT NULL,
  `email` varchar(100) NOT NULL,
  `phone` text NOT NULL,
  `Userlevel` varchar(1) NOT NULL,
  `user_date` date NOT NULL,
  `session_id` varchar(50) NOT NULL,
  `Status` varchar(1) NOT NULL
) ENGINE=MyISAM DEFAULT CHARSET=utf8;

--
-- Dumping data for table `user`
--

INSERT INTO `user` (`ID`, `Username`, `Password`, `Firstname`, `Lastname`, `email`, `phone`, `Userlevel`, `user_date`, `session_id`, `Status`) VALUES
(48, 'user', 'Aa123456', 'User', 'User', 'User@gmail.com', '8888888888', 'M', '2020-03-31', 'fdc1e278676cd8877f58ab2b0c3dc5c6', 'Y'),
(44, 'admin', 'Aa123456', 'GGMM', 'GGMM', 'admin@gmail.com', '8888888888', 'A', '2020-03-31', 'fdc1e278676cd8877f58ab2b0c3dc5c6', 'Y'),
(47, 'user1', 'Aa1234561', 'User1', 'User', 'User@gmail.com', '8888888888', 'M', '2020-03-31', 'fdc1e278676cd8877f58ab2b0c3dc5c6', 'Y'),
(49, 'fang', 'Fangfang1', 'Tanapong', 'kongka', 'tanapongtv555@gmail.com', '0809641144', 'M', '2022-01-28', 'ihi845oiv3bjrc238mrbocegh5', 'N'),
(50, 'nest', '123456Nn', 'natthachai', 'nitsaikla', 'natthachai.nest@gmail.com', '0924893424', 'M', '2022-02-23', 't9mfeig2naof1v5g733tabu2r5', 'N');

-- --------------------------------------------------------

--
-- Table structure for table `user_learning`
--

CREATE TABLE `user_learning` (
  `user_learning_id` int(10) NOT NULL,
  `choice_id` int(10) NOT NULL,
  `user_id` int(10) NOT NULL,
  `user_learning_bf` int(20) NOT NULL,
  `user_learning_af` varchar(20) NOT NULL,
  `user_learning_status` int(1) NOT NULL,
  `user_learning_date` timestamp NOT NULL DEFAULT CURRENT_TIMESTAMP
) ENGINE=InnoDB DEFAULT CHARSET=utf8;

--
-- Dumping data for table `user_learning`
--

INSERT INTO `user_learning` (`user_learning_id`, `choice_id`, `user_id`, `user_learning_bf`, `user_learning_af`, `user_learning_status`, `user_learning_date`) VALUES
(79, 1, 44, 5, '7', 1, '2019-07-14 13:04:34'),
(80, 2, 44, 0, 'ยังไม่ทำ', 0, '2020-01-28 14:45:01'),
(81, 3, 44, 0, 'ยังไม่ทำ', 0, '2020-01-28 14:53:28'),
(82, 4, 44, 0, '3', 1, '2020-01-28 14:59:19'),
(83, 4, 48, 4, '3', 0, '2020-01-28 15:12:16'),
(84, 5, 44, 0, 'ยังไม่ทำ', 0, '2020-02-23 11:41:56');

-- --------------------------------------------------------

--
-- Table structure for table `user_testing`
--

CREATE TABLE `user_testing` (
  `id` int(11) NOT NULL,
  `testing_id` int(11) NOT NULL,
  `user_id` int(11) NOT NULL,
  `user_anw` int(11) NOT NULL,
  `user_bf` varchar(11) NOT NULL,
  `status` int(11) NOT NULL,
  `timestamp` timestamp NOT NULL DEFAULT CURRENT_TIMESTAMP ON UPDATE CURRENT_TIMESTAMP
) ENGINE=InnoDB DEFAULT CHARSET=utf8;

--
-- Dumping data for table `user_testing`
--

INSERT INTO `user_testing` (`id`, `testing_id`, `user_id`, `user_anw`, `user_bf`, `status`, `timestamp`) VALUES
(781, 7, 44, 1, 'bff', 0, '2019-07-14 13:04:07'),
(782, 25, 44, 1, 'bff', 0, '2019-07-14 13:04:07'),
(783, 45, 44, 1, 'bff', 0, '2019-07-14 13:04:07'),
(784, 41, 44, 1, 'bff', 0, '2019-07-14 13:04:07'),
(785, 5, 44, 1, 'bff', 0, '2019-07-14 13:04:07'),
(786, 46, 44, 1, 'bff', 0, '2019-07-14 13:04:07'),
(787, 22, 44, 1, 'bff', 0, '2019-07-14 13:04:07'),
(788, 2, 44, 1, 'bff', 0, '2019-07-14 13:04:07'),
(789, 19, 44, 1, 'bff', 0, '2019-07-14 13:04:07'),
(790, 9, 44, 1, 'bff', 0, '2019-07-14 13:04:07'),
(791, 21, 44, 1, 'bff', 0, '2019-07-14 13:04:07'),
(792, 42, 44, 1, 'bff', 0, '2019-07-14 13:04:07'),
(793, 4, 44, 1, 'bff', 0, '2019-07-14 13:04:07'),
(794, 11, 44, 1, 'bff', 0, '2019-07-14 13:04:07'),
(795, 24, 44, 1, 'bff', 0, '2019-07-14 13:04:07'),
(796, 6, 44, 1, 'bff', 0, '2019-07-14 13:04:07'),
(797, 43, 44, 1, 'bff', 0, '2019-07-14 13:04:07'),
(798, 14, 44, 1, 'bff', 0, '2019-07-14 13:04:07'),
(799, 3, 44, 1, 'bff', 0, '2019-07-14 13:04:07'),
(800, 8, 44, 1, 'bff', 0, '2019-07-14 13:04:07'),
(801, 23, 44, 1, 'bff', 0, '2019-07-14 13:04:34'),
(802, 10, 44, 1, 'bff', 0, '2019-07-14 13:04:34'),
(803, 3, 44, 1, 'bff', 0, '2019-07-14 13:04:34'),
(804, 6, 44, 1, 'bff', 0, '2019-07-14 13:04:34'),
(805, 12, 44, 1, 'bff', 0, '2019-07-14 13:04:34'),
(806, 45, 44, 1, 'bff', 0, '2019-07-14 13:04:34'),
(807, 43, 44, 1, 'bff', 0, '2019-07-14 13:04:34'),
(808, 20, 44, 1, 'bff', 0, '2019-07-14 13:04:34'),
(809, 22, 44, 1, 'bff', 0, '2019-07-14 13:04:34'),
(810, 41, 44, 1, 'bff', 0, '2019-07-14 13:04:34'),
(811, 42, 44, 1, 'bff', 0, '2019-07-14 13:04:34'),
(812, 9, 44, 1, 'bff', 0, '2019-07-14 13:04:34'),
(813, 2, 44, 1, 'bff', 0, '2019-07-14 13:04:34'),
(814, 11, 44, 1, 'bff', 0, '2019-07-14 13:04:34'),
(815, 7, 44, 1, 'bff', 0, '2019-07-14 13:04:34'),
(816, 21, 44, 1, 'bff', 0, '2019-07-14 13:04:34'),
(817, 19, 44, 1, 'bff', 0, '2019-07-14 13:04:34'),
(818, 18, 44, 1, 'bff', 0, '2019-07-14 13:04:34'),
(819, 16, 44, 1, 'bff', 0, '2019-07-14 13:04:34'),
(820, 1, 44, 4, 'bff', 0, '2019-07-14 13:04:34'),
(871, 65, 44, 1, 'af', 0, '2020-01-28 15:08:45'),
(872, 62, 44, 1, 'af', 0, '2020-01-28 15:08:46'),
(873, 56, 44, 1, 'af', 0, '2020-01-28 15:08:46'),
(874, 54, 44, 1, 'af', 0, '2020-01-28 15:08:46'),
(875, 52, 44, 1, 'af', 0, '2020-01-28 15:08:46'),
(876, 57, 44, 1, 'af', 0, '2020-01-28 15:08:46'),
(877, 63, 44, 1, 'af', 0, '2020-01-28 15:08:46'),
(878, 60, 44, 1, 'af', 0, '2020-01-28 15:08:46'),
(879, 61, 44, 1, 'af', 0, '2020-01-28 15:08:46'),
(880, 66, 44, 1, 'af', 0, '2020-01-28 15:08:46'),
(881, 58, 48, 2, 'bff', 0, '2020-01-28 15:12:16'),
(882, 62, 48, 3, 'bff', 0, '2020-01-28 15:12:16'),
(883, 54, 48, 4, 'bff', 0, '2020-01-28 15:12:16'),
(884, 63, 48, 2, 'bff', 0, '2020-01-28 15:12:16'),
(885, 53, 48, 4, 'bff', 0, '2020-01-28 15:12:16'),
(886, 66, 48, 2, 'bff', 0, '2020-01-28 15:12:16'),
(887, 56, 48, 2, 'bff', 0, '2020-01-28 15:12:16'),
(888, 57, 48, 3, 'bff', 0, '2020-01-28 15:12:16'),
(889, 60, 48, 1, 'bff', 0, '2020-01-28 15:12:16'),
(890, 52, 48, 2, 'bff', 0, '2020-01-28 15:12:16'),
(891, 62, 48, 2, 'af', 0, '2020-01-28 15:13:21'),
(892, 65, 48, 1, 'af', 0, '2020-01-28 15:13:21'),
(893, 52, 48, 1, 'af', 0, '2020-01-28 15:13:21'),
(894, 66, 48, 1, 'af', 0, '2020-01-28 15:13:21'),
(895, 60, 48, 4, 'af', 0, '2020-01-28 15:13:21'),
(896, 53, 48, 3, 'af', 0, '2020-01-28 15:13:21'),
(897, 61, 48, 3, 'af', 0, '2020-01-28 15:13:21'),
(898, 56, 48, 3, 'af', 0, '2020-01-28 15:13:21'),
(899, 64, 48, 2, 'af', 0, '2020-01-28 15:13:21'),
(900, 63, 48, 4, 'af', 0, '2020-01-28 15:13:21');

--
-- Indexes for dumped tables
--

--
-- Indexes for table `choice`
--
ALTER TABLE `choice`
  ADD PRIMARY KEY (`choice_id`);

--
-- Indexes for table `testing`
--
ALTER TABLE `testing`
  ADD PRIMARY KEY (`id`);

--
-- Indexes for table `user`
--
ALTER TABLE `user`
  ADD PRIMARY KEY (`ID`);

--
-- Indexes for table `user_learning`
--
ALTER TABLE `user_learning`
  ADD PRIMARY KEY (`user_learning_id`);

--
-- Indexes for table `user_testing`
--
ALTER TABLE `user_testing`
  ADD PRIMARY KEY (`id`);

--
-- AUTO_INCREMENT for dumped tables
--

--
-- AUTO_INCREMENT for table `choice`
--
ALTER TABLE `choice`
  MODIFY `choice_id` int(11) NOT NULL AUTO_INCREMENT, AUTO_INCREMENT=12;

--
-- AUTO_INCREMENT for table `testing`
--
ALTER TABLE `testing`
  MODIFY `id` int(3) NOT NULL AUTO_INCREMENT, AUTO_INCREMENT=158;

--
-- AUTO_INCREMENT for table `user`
--
ALTER TABLE `user`
  MODIFY `ID` int(5) NOT NULL AUTO_INCREMENT, AUTO_INCREMENT=51;

--
-- AUTO_INCREMENT for table `user_learning`
--
ALTER TABLE `user_learning`
  MODIFY `user_learning_id` int(10) NOT NULL AUTO_INCREMENT, AUTO_INCREMENT=85;

--
-- AUTO_INCREMENT for table `user_testing`
--
ALTER TABLE `user_testing`
  MODIFY `id` int(11) NOT NULL AUTO_INCREMENT, AUTO_INCREMENT=901;
COMMIT;

/*!40101 SET CHARACTER_SET_CLIENT=@OLD_CHARACTER_SET_CLIENT */;
/*!40101 SET CHARACTER_SET_RESULTS=@OLD_CHARACTER_SET_RESULTS */;
/*!40101 SET COLLATION_CONNECTION=@OLD_COLLATION_CONNECTION */;
